{
  "hash": "90897d76",
  "configHash": "1c7f3649",
  "lockfileHash": "f3b9d3b3",
  "browserHash": "347011cf",
  "optimized": {
    "@angular/cdk/bidi": {
      "src": "../../../../../../node_modules/@angular/cdk/fesm2022/bidi.mjs",
      "file": "@angular_cdk_bidi.js",
      "fileHash": "29b382eb",
      "needsInterop": false
    },
    "@angular/common": {
      "src": "../../../../../../node_modules/@angular/common/fesm2022/common.mjs",
      "file": "@angular_common.js",
      "fileHash": "f34ecf33",
      "needsInterop": false
    },
    "@angular/common/locales/global/es": {
      "src": "../../../../../../node_modules/@angular/common/locales/global/es.js",
      "file": "@angular_common_locales_global_es.js",
      "fileHash": "d0208378",
      "needsInterop": true
    },
    "@angular/core": {
      "src": "../../../../../../node_modules/@angular/core/fesm2022/core.mjs",
      "file": "@angular_core.js",
      "fileHash": "c35c6021",
      "needsInterop": false
    },
    "@angular/forms": {
      "src": "../../../../../../node_modules/@angular/forms/fesm2022/forms.mjs",
      "file": "@angular_forms.js",
      "fileHash": "eb28fb6f",
      "needsInterop": false
    },
    "@angular/localize/init": {
      "src": "../../../../../../node_modules/@angular/localize/fesm2022/init.mjs",
      "file": "@angular_localize_init.js",
      "fileHash": "f23ebe3d",
      "needsInterop": false
    },
    "@angular/material/button": {
      "src": "../../../../../../node_modules/@angular/material/fesm2022/button.mjs",
      "file": "@angular_material_button.js",
      "fileHash": "e32b453e",
      "needsInterop": false
    },
    "@angular/platform-browser": {
      "src": "../../../../../../node_modules/@angular/platform-browser/fesm2022/platform-browser.mjs",
      "file": "@angular_platform-browser.js",
      "fileHash": "f13f9412",
      "needsInterop": false
    },
    "@angular/platform-browser/animations": {
      "src": "../../../../../../node_modules/@angular/platform-browser/fesm2022/animations.mjs",
      "file": "@angular_platform-browser_animations.js",
      "fileHash": "df03c929",
      "needsInterop": false
    },
    "@angular/router": {
      "src": "../../../../../../node_modules/@angular/router/fesm2022/router.mjs",
      "file": "@angular_router.js",
      "fileHash": "ddc0ff17",
      "needsInterop": false
    },
    "@angular/material/form-field": {
      "src": "../../../../../../node_modules/@angular/material/fesm2022/form-field.mjs",
      "file": "@angular_material_form-field.js",
      "fileHash": "eaf67f88",
      "needsInterop": false
    },
    "@angular/material/input": {
      "src": "../../../../../../node_modules/@angular/material/fesm2022/input.mjs",
      "file": "@angular_material_input.js",
      "fileHash": "c6ec50c7",
      "needsInterop": false
    },
    "@angular/cdk/text-field": {
      "src": "../../../../../../node_modules/@angular/cdk/fesm2022/text-field.mjs",
      "file": "@angular_cdk_text-field.js",
      "fileHash": "c5b91108",
      "needsInterop": false
    },
    "@angular/material/radio": {
      "src": "../../../../../../node_modules/@angular/material/fesm2022/radio.mjs",
      "file": "@angular_material_radio.js",
      "fileHash": "699a1b8c",
      "needsInterop": false
    },
    "@angular/material/card": {
      "src": "../../../../../../node_modules/@angular/material/fesm2022/card.mjs",
      "file": "@angular_material_card.js",
      "fileHash": "eab927fe",
      "needsInterop": false
    },
    "@angular/material/divider": {
      "src": "../../../../../../node_modules/@angular/material/fesm2022/divider.mjs",
      "file": "@angular_material_divider.js",
      "fileHash": "ab85b4d3",
      "needsInterop": false
    },
    "@angular/material/select": {
      "src": "../../../../../../node_modules/@angular/material/fesm2022/select.mjs",
      "file": "@angular_material_select.js",
      "fileHash": "33b62d69",
      "needsInterop": false
    },
    "@angular/cdk/scrolling": {
      "src": "../../../../../../node_modules/@angular/cdk/fesm2022/scrolling.mjs",
      "file": "@angular_cdk_scrolling.js",
      "fileHash": "5ea487be",
      "needsInterop": false
    },
    "@angular/material/table": {
      "src": "../../../../../../node_modules/@angular/material/fesm2022/table.mjs",
      "file": "@angular_material_table.js",
      "fileHash": "8b110788",
      "needsInterop": false
    }
  },
  "chunks": {
    "chunk-HPPG33PU": {
      "file": "chunk-HPPG33PU.js"
    },
    "chunk-UFRQ7JQ2": {
      "file": "chunk-UFRQ7JQ2.js"
    },
    "chunk-RJ5UVYRR": {
      "file": "chunk-RJ5UVYRR.js"
    },
    "chunk-JLCHLW22": {
      "file": "chunk-JLCHLW22.js"
    },
    "chunk-TUQDQINQ": {
      "file": "chunk-TUQDQINQ.js"
    },
    "chunk-UQJ46ZO3": {
      "file": "chunk-UQJ46ZO3.js"
    },
    "chunk-NAX5BKHC": {
      "file": "chunk-NAX5BKHC.js"
    },
    "chunk-DMT7YWGC": {
      "file": "chunk-DMT7YWGC.js"
    },
    "chunk-YGJOGKGJ": {
      "file": "chunk-YGJOGKGJ.js"
    },
    "chunk-GUGIMSVJ": {
      "file": "chunk-GUGIMSVJ.js"
    },
    "chunk-S3ZCYKHL": {
      "file": "chunk-S3ZCYKHL.js"
    },
    "chunk-AIEYJCOW": {
      "file": "chunk-AIEYJCOW.js"
    },
    "chunk-M3ZRBVYP": {
      "file": "chunk-M3ZRBVYP.js"
    },
    "chunk-ML65ZJ4N": {
      "file": "chunk-ML65ZJ4N.js"
    },
    "chunk-D3C3GEE2": {
      "file": "chunk-D3C3GEE2.js"
    },
    "chunk-H2CDJ2RP": {
      "file": "chunk-H2CDJ2RP.js"
    },
    "chunk-BD2R45VT": {
      "file": "chunk-BD2R45VT.js"
    },
    "chunk-PHKHADS4": {
      "file": "chunk-PHKHADS4.js"
    },
    "chunk-TTGZJSVO": {
      "file": "chunk-TTGZJSVO.js"
    },
    "chunk-GOMI4DH3": {
      "file": "chunk-GOMI4DH3.js"
    }
  }
}